"","a1","b1","c1","d1","e1","a2","b2","c2","d2","e2","test_m"
"1",13,90,0,180,1,2,2,2,2,2,0.465550687683322
"2",20,90,0,180,1,2,2,2,2,2,0.466348583335958
"5",13,90,3e+07,180,1,2,2,2,2,2,0.466562802528418
"6",20,90,3e+07,180,1,2,2,2,2,2,0.466108058363082
"9",13,90,0,270,1,2,2,2,2,2,0.465502245058023
"10",20,90,0,270,1,2,2,2,2,2,0.466218906272331
"13",13,90,3e+07,270,1,2,2,2,2,2,0.465984491422538
"14",20,90,3e+07,270,1,2,2,2,2,2,0.465706115805415
"33",13,90,0,180,1,3,2,2,2,2,0.469833177434255
"34",20,90,0,180,1,3,2,2,2,2,0.468677278465714
"37",13,90,3e+07,180,1,3,2,2,2,2,0.467896014153787
"38",20,90,3e+07,180,1,3,2,2,2,2,0.467178640400268
"41",13,90,0,270,1,3,2,2,2,2,0.468832161387197
"42",20,90,0,270,1,3,2,2,2,2,0.468161359079072
"45",13,90,3e+07,270,1,3,2,2,2,2,0.468754732081778
"46",20,90,3e+07,270,1,3,2,2,2,2,0.469816171295285
"65",13,90,0,180,1,4,2,2,2,2,0.467421563181739
"66",20,90,0,180,1,4,2,2,2,2,0.465631668827936
"69",13,90,3e+07,180,1,4,2,2,2,2,0.466300174010871
"70",20,90,3e+07,180,1,4,2,2,2,2,0.465013151171147
"73",13,90,0,270,1,4,2,2,2,2,0.465831853423995
"74",20,90,0,270,1,4,2,2,2,2,0.465777780472627
"77",13,90,3e+07,270,1,4,2,2,2,2,0.466776521126939
"78",20,90,3e+07,270,1,4,2,2,2,2,0.467771548554185
"97",13,90,0,180,1,2,3,2,2,2,0.466870582493783
"98",20,90,0,180,1,2,3,2,2,2,0.466942053730434
"101",13,90,3e+07,180,1,2,3,2,2,2,0.466705050212493
"102",20,90,3e+07,180,1,2,3,2,2,2,0.466063638741043
"105",13,90,0,270,1,2,3,2,2,2,0.46679706668707
"106",20,90,0,270,1,2,3,2,2,2,0.466042070761457
"109",13,90,3e+07,270,1,2,3,2,2,2,0.466913852599333
"110",20,90,3e+07,270,1,2,3,2,2,2,0.466019092883824
"129",13,90,0,180,1,3,3,2,2,2,0.473265061041326
"130",20,90,0,180,1,3,3,2,2,2,0.467776456698402
"133",13,90,3e+07,180,1,3,3,2,2,2,0.468795160520774
"134",20,90,3e+07,180,1,3,3,2,2,2,0.469434670181053
"137",13,90,0,270,1,3,3,2,2,2,0.470102604849274
"138",20,90,0,270,1,3,3,2,2,2,0.469957977771761
"141",13,90,3e+07,270,1,3,3,2,2,2,0.470003735560416
"142",20,90,3e+07,270,1,3,3,2,2,2,0.469217593471374
"161",13,90,0,180,1,4,3,2,2,2,0.466585647753221
"162",20,90,0,180,1,4,3,2,2,2,0.465944947555392
"165",13,90,3e+07,180,1,4,3,2,2,2,0.465925534911549
"166",20,90,3e+07,180,1,4,3,2,2,2,0.466512364676076
"169",13,90,0,270,1,4,3,2,2,2,0.467053618258871
"170",20,90,0,270,1,4,3,2,2,2,0.467373259805515
"173",13,90,3e+07,270,1,4,3,2,2,2,0.472272611003314
"174",20,90,3e+07,270,1,4,3,2,2,2,0.503157543463358
"193",13,90,0,180,1,2,4,2,2,2,0.466251836903873
"194",20,90,0,180,1,2,4,2,2,2,0.465753074956948
"197",13,90,3e+07,180,1,2,4,2,2,2,0.465390214499338
"198",20,90,3e+07,180,1,2,4,2,2,2,0.465322688423013
"201",13,90,0,270,1,2,4,2,2,2,0.465731153196619
"202",20,90,0,270,1,2,4,2,2,2,0.465759504094757
"205",13,90,3e+07,270,1,2,4,2,2,2,0.46522116760288
"206",20,90,3e+07,270,1,2,4,2,2,2,0.465434401699542
"225",13,90,0,180,1,3,4,2,2,2,0.469232474966601
"226",20,90,0,180,1,3,4,2,2,2,0.468931114964335
"229",13,90,3e+07,180,1,3,4,2,2,2,0.469119218934756
"230",20,90,3e+07,180,1,3,4,2,2,2,0.46855798277433
"233",13,90,0,270,1,3,4,2,2,2,0.469406398525787
"234",20,90,0,270,1,3,4,2,2,2,0.469547775426548
"237",13,90,3e+07,270,1,3,4,2,2,2,0.467939555205727
"238",20,90,3e+07,270,1,3,4,2,2,2,0.466940733202276
"257",13,90,0,180,1,4,4,2,2,2,0.465886914069598
"258",20,90,0,180,1,4,4,2,2,2,0.465311410109572
"261",13,90,3e+07,180,1,4,4,2,2,2,0.46686977328426
"262",20,90,3e+07,180,1,4,4,2,2,2,0.468708511129545
"265",13,90,0,270,1,4,4,2,2,2,0.466708394857448
"266",20,90,0,270,1,4,4,2,2,2,0.466000411404747
"269",13,90,3e+07,270,1,4,4,2,2,2,0.467292382147146
"270",20,90,3e+07,270,1,4,4,2,2,2,0.466240650528878
"289",13,90,0,180,1,2,2,3,2,2,0.46311420579113
"290",20,90,0,180,1,2,2,3,2,2,0.463021395188506
"293",13,90,3e+07,180,1,2,2,3,2,2,0.463505668834294
"294",20,90,3e+07,180,1,2,2,3,2,2,0.462178134407062
"297",13,90,0,270,1,2,2,3,2,2,0.463442589488985
"298",20,90,0,270,1,2,2,3,2,2,0.463460331432258
"301",13,90,3e+07,270,1,2,2,3,2,2,0.463151631483141
"302",20,90,3e+07,270,1,2,2,3,2,2,0.463727087134325
"321",13,90,0,180,1,3,2,3,2,2,0.467652403843669
"322",20,90,0,180,1,3,2,3,2,2,0.467464335784503
"325",13,90,3e+07,180,1,3,2,3,2,2,0.466730998911775
"326",20,90,3e+07,180,1,3,2,3,2,2,0.464345880916806
"329",13,90,0,270,1,3,2,3,2,2,0.465953519307424
"330",20,90,0,270,1,3,2,3,2,2,0.466491671953447
"333",13,90,3e+07,270,1,3,2,3,2,2,0.467767807435973
"334",20,90,3e+07,270,1,3,2,3,2,2,0.467071791217944
"353",13,90,0,180,1,4,2,3,2,2,0.467624014899625
"354",20,90,0,180,1,4,2,3,2,2,0.46389607671765
"357",13,90,3e+07,180,1,4,2,3,2,2,0.465392686299355
"358",20,90,3e+07,180,1,4,2,3,2,2,0.510244899768598
"361",13,90,0,270,1,4,2,3,2,2,0.507119071858118
"362",20,90,0,270,1,4,2,3,2,2,0.462806311744658
"365",13,90,3e+07,270,1,4,2,3,2,2,0.462623987173148
"366",20,90,3e+07,270,1,4,2,3,2,2,0.462415379492569
"385",13,90,0,180,1,2,3,3,2,2,0.464209814697729
"386",20,90,0,180,1,2,3,3,2,2,0.464189456041509
"389",13,90,3e+07,180,1,2,3,3,2,2,0.464169147995139
"390",20,90,3e+07,180,1,2,3,3,2,2,0.463014267742129
"393",13,90,0,270,1,2,3,3,2,2,0.464416382153973
"394",20,90,0,270,1,2,3,3,2,2,0.463819746813186
"397",13,90,3e+07,270,1,2,3,3,2,2,0.465401140836461
"398",20,90,3e+07,270,1,2,3,3,2,2,0.463379460559035
"417",13,90,0,180,1,3,3,3,2,2,0.469182816182711
"418",20,90,0,180,1,3,3,3,2,2,0.465441512092979
"421",13,90,3e+07,180,1,3,3,3,2,2,0.467906855982469
"422",20,90,3e+07,180,1,3,3,3,2,2,0.466460703477375
"425",13,90,0,270,1,3,3,3,2,2,0.467226755635414
"426",20,90,0,270,1,3,3,3,2,2,0.466302698504258
"429",13,90,3e+07,270,1,3,3,3,2,2,0.46771720252217
"430",20,90,3e+07,270,1,3,3,3,2,2,0.467600504692738
"449",13,90,0,180,1,4,3,3,2,2,0.465784772659096
"450",20,90,0,180,1,4,3,3,2,2,0.464613058078843
"453",13,90,3e+07,180,1,4,3,3,2,2,0.463649615430409
"454",20,90,3e+07,180,1,4,3,3,2,2,0.462834577037142
"457",13,90,0,270,1,4,3,3,2,2,0.46782002241732
"458",20,90,0,270,1,4,3,3,2,2,0.464303413935412
"461",13,90,3e+07,270,1,4,3,3,2,2,0.463505208821438
"462",20,90,3e+07,270,1,4,3,3,2,2,0.463170028354894
"481",13,90,0,180,1,2,4,3,2,2,0.462894972266359
"482",20,90,0,180,1,2,4,3,2,2,0.463214633513393
"485",13,90,3e+07,180,1,2,4,3,2,2,0.462637107862438
"486",20,90,3e+07,180,1,2,4,3,2,2,0.463127795856792
"489",13,90,0,270,1,2,4,3,2,2,0.463560327750614
"490",20,90,0,270,1,2,4,3,2,2,0.46246344422094
"493",13,90,3e+07,270,1,2,4,3,2,2,0.46245238517268
"494",20,90,3e+07,270,1,2,4,3,2,2,0.462426447614366
"513",13,90,0,180,1,3,4,3,2,2,0.467180998109034
"514",20,90,0,180,1,3,4,3,2,2,0.467249256580572
"517",13,90,3e+07,180,1,3,4,3,2,2,0.468103864806994
"518",20,90,3e+07,180,1,3,4,3,2,2,0.46480518089388
"521",13,90,0,270,1,3,4,3,2,2,0.469263950074659
"522",20,90,0,270,1,3,4,3,2,2,0.465912910818431
"525",13,90,3e+07,270,1,3,4,3,2,2,0.46656916354159
"526",20,90,3e+07,270,1,3,4,3,2,2,0.465325052173411
"545",13,90,0,180,1,4,4,3,2,2,0.463605082594807
"546",20,90,0,180,1,4,4,3,2,2,0.466661162007753
"549",13,90,3e+07,180,1,4,4,3,2,2,0.462939942981067
"550",20,90,3e+07,180,1,4,4,3,2,2,0.463793000429894
"553",13,90,0,270,1,4,4,3,2,2,0.464331121526257
"554",20,90,0,270,1,4,4,3,2,2,0.464844740745664
"557",13,90,3e+07,270,1,4,4,3,2,2,0.464244832720473
"558",20,90,3e+07,270,1,4,4,3,2,2,0.464606984800903
"577",13,90,0,180,1,2,2,2,3,2,0.465605796835057
"578",20,90,0,180,1,2,2,2,3,2,0.466144788050869
"581",13,90,3e+07,180,1,2,2,2,3,2,0.465977018484668
"582",20,90,3e+07,180,1,2,2,2,3,2,0.46511014193056
"585",13,90,0,270,1,2,2,2,3,2,0.466089101577285
"586",20,90,0,270,1,2,2,2,3,2,0.465085770306451
"589",13,90,3e+07,270,1,2,2,2,3,2,0.465116928568806
"590",20,90,3e+07,270,1,2,2,2,3,2,0.465288331056201
"609",13,90,0,180,1,3,2,2,3,2,0.469129986505654
"610",20,90,0,180,1,3,2,2,3,2,0.469387078961829
"613",13,90,3e+07,180,1,3,2,2,3,2,0.46841568409456
"614",20,90,3e+07,180,1,3,2,2,3,2,0.468759713113344
"617",13,90,0,270,1,3,2,2,3,2,0.468066158261047
"618",20,90,0,270,1,3,2,2,3,2,0.469495075504317
"621",13,90,3e+07,270,1,3,2,2,3,2,0.468918936774503
"622",20,90,3e+07,270,1,3,2,2,3,2,0.468062274643946
"641",13,90,0,180,1,4,2,2,3,2,0.468263613164724
"642",20,90,0,180,1,4,2,2,3,2,0.465176088802788
"645",13,90,3e+07,180,1,4,2,2,3,2,0.467328068906652
"646",20,90,3e+07,180,1,4,2,2,3,2,0.516366539992241
"649",13,90,0,270,1,4,2,2,3,2,0.525267927091577
"650",20,90,0,270,1,4,2,2,3,2,0.465230433895868
"653",13,90,3e+07,270,1,4,2,2,3,2,0.4678791268382
"654",20,90,3e+07,270,1,4,2,2,3,2,0.465085311195975
"673",13,90,0,180,1,2,3,2,3,2,0.467345948639394
"674",20,90,0,180,1,2,3,2,3,2,0.466280728636958
"677",13,90,3e+07,180,1,2,3,2,3,2,0.466594949102308
"678",20,90,3e+07,180,1,2,3,2,3,2,0.466230669361734
"681",13,90,0,270,1,2,3,2,3,2,0.466110105310705
"682",20,90,0,270,1,2,3,2,3,2,0.467292363453387
"685",13,90,3e+07,270,1,2,3,2,3,2,0.467385631362075
"686",20,90,3e+07,270,1,2,3,2,3,2,0.466146328840699
"705",13,90,0,180,1,3,3,2,3,2,0.472968902658903
"706",20,90,0,180,1,3,3,2,3,2,0.468818049926599
"709",13,90,3e+07,180,1,3,3,2,3,2,0.471337358280459
"710",20,90,3e+07,180,1,3,3,2,3,2,0.470018698095258
"713",13,90,0,270,1,3,3,2,3,2,0.470105958728267
"714",20,90,0,270,1,3,3,2,3,2,0.470200826010395
"717",13,90,3e+07,270,1,3,3,2,3,2,0.470362280716892
"718",20,90,3e+07,270,1,3,3,2,3,2,0.470084068405853
"737",13,90,0,180,1,4,3,2,3,2,0.467465353334653
"738",20,90,0,180,1,4,3,2,3,2,0.466610785587357
"741",13,90,3e+07,180,1,4,3,2,3,2,0.535045107088258
"742",20,90,3e+07,180,1,4,3,2,3,2,0.466085293827236
"745",13,90,0,270,1,4,3,2,3,2,0.468795288905132
"746",20,90,0,270,1,4,3,2,3,2,0.46653486220777
"749",13,90,3e+07,270,1,4,3,2,3,2,0.472497247340916
"750",20,90,3e+07,270,1,4,3,2,3,2,0.466791065587019
"769",13,90,0,180,1,2,4,2,3,2,0.465254125270831
"770",20,90,0,180,1,2,4,2,3,2,0.465824581469675
"773",13,90,3e+07,180,1,2,4,2,3,2,0.465997870681582
"774",20,90,3e+07,180,1,2,4,2,3,2,0.465473384454162
"777",13,90,0,270,1,2,4,2,3,2,0.465656879076977
"778",20,90,0,270,1,2,4,2,3,2,0.465594057415877
"781",13,90,3e+07,270,1,2,4,2,3,2,0.465824375303763
"782",20,90,3e+07,270,1,2,4,2,3,2,0.465175608916482
"801",13,90,0,180,1,3,4,2,3,2,0.468925283451475
"802",20,90,0,180,1,3,4,2,3,2,0.467449717744045
"805",13,90,3e+07,180,1,3,4,2,3,2,0.468909204703259
"806",20,90,3e+07,180,1,3,4,2,3,2,0.466837612517231
"809",13,90,0,270,1,3,4,2,3,2,0.468460097565281
"810",20,90,0,270,1,3,4,2,3,2,0.467230670460786
"813",13,90,3e+07,270,1,3,4,2,3,2,0.46920427600114
"814",20,90,3e+07,270,1,3,4,2,3,2,0.468496785790295
"833",13,90,0,180,1,4,4,2,3,2,0.46689556625984
"834",20,90,0,180,1,4,4,2,3,2,0.465090380416857
"837",13,90,3e+07,180,1,4,4,2,3,2,0.471069307254364
"838",20,90,3e+07,180,1,4,4,2,3,2,0.466138811604414
"841",13,90,0,270,1,4,4,2,3,2,0.469636292465838
"842",20,90,0,270,1,4,4,2,3,2,0.464687982973163
"845",13,90,3e+07,270,1,4,4,2,3,2,0.467316862736067
"846",20,90,3e+07,270,1,4,4,2,3,2,0.465181389007706
"865",13,90,0,180,1,2,2,3,3,2,0.464036544627674
"866",20,90,0,180,1,2,2,3,3,2,0.4629772311533
"869",13,90,3e+07,180,1,2,2,3,3,2,0.46270949026411
"870",20,90,3e+07,180,1,2,2,3,3,2,0.462693132818912
"873",13,90,0,270,1,2,2,3,3,2,0.463530933923218
"874",20,90,0,270,1,2,2,3,3,2,0.462817991229917
"877",13,90,3e+07,270,1,2,2,3,3,2,0.462159597051671
"878",20,90,3e+07,270,1,2,2,3,3,2,0.46238007808239
"897",13,90,0,180,1,3,2,3,3,2,0.469184277551478
"898",20,90,0,180,1,3,2,3,3,2,0.466841274561402
"901",13,90,3e+07,180,1,3,2,3,3,2,0.465934792228756
"902",20,90,3e+07,180,1,3,2,3,3,2,0.464539933393892
"905",13,90,0,270,1,3,2,3,3,2,0.469021153750473
"906",20,90,0,270,1,3,2,3,3,2,0.465528481755902
"909",13,90,3e+07,270,1,3,2,3,3,2,0.466165303310276
"910",20,90,3e+07,270,1,3,2,3,3,2,0.465162537604003
"929",13,90,0,180,1,4,2,3,3,2,0.464523334127259
"930",20,90,0,180,1,4,2,3,3,2,0.468680851290279
"933",13,90,3e+07,180,1,4,2,3,3,2,0.464931320594658
"934",20,90,3e+07,180,1,4,2,3,3,2,0.463112453387351
"937",13,90,0,270,1,4,2,3,3,2,0.464018456615128
"938",20,90,0,270,1,4,2,3,3,2,0.464103127722833
"941",13,90,3e+07,270,1,4,2,3,3,2,0.464799465726134
"942",20,90,3e+07,270,1,4,2,3,3,2,0.462143074754895
"961",13,90,0,180,1,2,3,3,3,2,0.464541164580481
"962",20,90,0,180,1,2,3,3,3,2,0.463717910280045
"965",13,90,3e+07,180,1,2,3,3,3,2,0.464650890790773
"966",20,90,3e+07,180,1,2,3,3,3,2,0.463953949471833
"969",13,90,0,270,1,2,3,3,3,2,0.464379730739711
"970",20,90,0,270,1,2,3,3,3,2,0.463539536648074
"973",13,90,3e+07,270,1,2,3,3,3,2,0.463510994868651
"974",20,90,3e+07,270,1,2,3,3,3,2,0.463313017146222
"993",13,90,0,180,1,3,3,3,3,2,0.467569332354118
"994",20,90,0,180,1,3,3,3,3,2,0.466249542550173
"997",13,90,3e+07,180,1,3,3,3,3,2,0.467578887447715
"998",20,90,3e+07,180,1,3,3,3,3,2,0.46879425181109
"1001",13,90,0,270,1,3,3,3,3,2,0.469695117001066
"1002",20,90,0,270,1,3,3,3,3,2,0.467077605179105
"1005",13,90,3e+07,270,1,3,3,3,3,2,0.468473166294603
"1006",20,90,3e+07,270,1,3,3,3,3,2,0.466796525005864
"1025",13,90,0,180,1,4,3,3,3,2,0.465408050763175
"1026",20,90,0,180,1,4,3,3,3,2,0.465206681834059
"1029",13,90,3e+07,180,1,4,3,3,3,2,0.46583674346098
"1030",20,90,3e+07,180,1,4,3,3,3,2,0.462676628304994
"1033",13,90,0,270,1,4,3,3,3,2,0.466676452293475
"1034",20,90,0,270,1,4,3,3,3,2,0.464745013494314
"1037",13,90,3e+07,270,1,4,3,3,3,2,0.465158125565289
"1038",20,90,3e+07,270,1,4,3,3,3,2,0.463941349108626
"1057",13,90,0,180,1,2,4,3,3,2,0.463165151595857
"1058",20,90,0,180,1,2,4,3,3,2,0.462875039403369
"1061",13,90,3e+07,180,1,2,4,3,3,2,0.46376319519998
"1062",20,90,3e+07,180,1,2,4,3,3,2,0.461971705374652
"1065",13,90,0,270,1,2,4,3,3,2,0.463365003089356
"1066",20,90,0,270,1,2,4,3,3,2,0.462403421386874
"1069",13,90,3e+07,270,1,2,4,3,3,2,0.463078759074887
"1070",20,90,3e+07,270,1,2,4,3,3,2,0.463030269936904
"1089",13,90,0,180,1,3,4,3,3,2,0.466570287527536
"1090",20,90,0,180,1,3,4,3,3,2,0.467361697691959
"1093",13,90,3e+07,180,1,3,4,3,3,2,0.46705924452296
"1094",20,90,3e+07,180,1,3,4,3,3,2,0.46399130065405
"1097",13,90,0,270,1,3,4,3,3,2,0.469115968988307
"1098",20,90,0,270,1,3,4,3,3,2,0.464501634883609
"1101",13,90,3e+07,270,1,3,4,3,3,2,0.466718929340091
"1102",20,90,3e+07,270,1,3,4,3,3,2,0.465442716098999
"1121",13,90,0,180,1,4,4,3,3,2,0.464585546802806
"1122",20,90,0,180,1,4,4,3,3,2,0.463482482776261
"1125",13,90,3e+07,180,1,4,4,3,3,2,0.467486037128202
"1126",20,90,3e+07,180,1,4,4,3,3,2,0.465969988412334
"1129",13,90,0,270,1,4,4,3,3,2,0.468431196673747
"1130",20,90,0,270,1,4,4,3,3,2,0.462731948511888
"1133",13,90,3e+07,270,1,4,4,3,3,2,0.470754119066991
"1134",20,90,3e+07,270,1,4,4,3,3,2,0.461737937021637
"1153",13,90,0,180,1,2,2,2,2,3,0.465806109096206
"1154",20,90,0,180,1,2,2,2,2,3,0.466906047568701
"1157",13,90,3e+07,180,1,2,2,2,2,3,0.466645443226069
"1158",20,90,3e+07,180,1,2,2,2,2,3,0.465543124182906
"1161",13,90,0,270,1,2,2,2,2,3,0.466056937105718
"1162",20,90,0,270,1,2,2,2,2,3,0.466087494235044
"1165",13,90,3e+07,270,1,2,2,2,2,3,0.466072378772463
"1166",20,90,3e+07,270,1,2,2,2,2,3,0.465825175232354
"1185",13,90,0,180,1,3,2,2,2,3,0.469985241804999
"1186",20,90,0,180,1,3,2,2,2,3,0.468172677057121
"1189",13,90,3e+07,180,1,3,2,2,2,3,0.469233911132504
"1190",20,90,3e+07,180,1,3,2,2,2,3,0.467397614236741
"1193",13,90,0,270,1,3,2,2,2,3,0.469921697935351
"1194",20,90,0,270,1,3,2,2,2,3,0.46870385912502
"1197",13,90,3e+07,270,1,3,2,2,2,3,0.469188041928933
"1198",20,90,3e+07,270,1,3,2,2,2,3,0.468734339644939
"1217",13,90,0,180,1,4,2,2,2,3,0.473374308823883
"1218",20,90,0,180,1,4,2,2,2,3,0.465555117031781
"1221",13,90,3e+07,180,1,4,2,2,2,3,0.468845068397822
"1222",20,90,3e+07,180,1,4,2,2,2,3,0.465837815737081
"1225",13,90,0,270,1,4,2,2,2,3,0.467149499198056
"1226",20,90,0,270,1,4,2,2,2,3,0.46779174360933
"1229",13,90,3e+07,270,1,4,2,2,2,3,0.467597166823358
"1230",20,90,3e+07,270,1,4,2,2,2,3,0.465844227332203
"1249",13,90,0,180,1,2,3,2,2,3,0.467271910130912
"1250",20,90,0,180,1,2,3,2,2,3,0.465921857655485
"1253",13,90,3e+07,180,1,2,3,2,2,3,0.468283694734976
"1254",20,90,3e+07,180,1,2,3,2,2,3,0.465622489791111
"1257",13,90,0,270,1,2,3,2,2,3,0.467230068360688
"1258",20,90,0,270,1,2,3,2,2,3,0.466471726568164
"1261",13,90,3e+07,270,1,2,3,2,2,3,0.467288874434761
"1262",20,90,3e+07,270,1,2,3,2,2,3,0.466440227543364
"1281",13,90,0,180,1,3,3,2,2,3,0.469885236807317
"1282",20,90,0,180,1,3,3,2,2,3,0.469706206237473
"1285",13,90,3e+07,180,1,3,3,2,2,3,0.471308340119234
"1286",20,90,3e+07,180,1,3,3,2,2,3,0.469235465172217
"1289",13,90,0,270,1,3,3,2,2,3,0.469954163823612
"1290",20,90,0,270,1,3,3,2,2,3,0.468560289597909
"1293",13,90,3e+07,270,1,3,3,2,2,3,0.470494892753074
"1294",20,90,3e+07,270,1,3,3,2,2,3,0.468779934923215
"1313",13,90,0,180,1,4,3,2,2,3,0.467903970830223
"1314",20,90,0,180,1,4,3,2,2,3,0.466214334249483
"1317",13,90,3e+07,180,1,4,3,2,2,3,0.467755333252177
"1318",20,90,3e+07,180,1,4,3,2,2,3,0.466635608293411
"1321",13,90,0,270,1,4,3,2,2,3,0.467153633246715
"1322",20,90,0,270,1,4,3,2,2,3,0.467180647798371
"1325",13,90,3e+07,270,1,4,3,2,2,3,0.466489025113553
"1326",20,90,3e+07,270,1,4,3,2,2,3,0.468670314859263
"1345",13,90,0,180,1,2,4,2,2,3,0.465854983504829
"1346",20,90,0,180,1,2,4,2,2,3,0.465815773908258
"1349",13,90,3e+07,180,1,2,4,2,2,3,0.465742527406559
"1350",20,90,3e+07,180,1,2,4,2,2,3,0.466120901495321
"1353",13,90,0,270,1,2,4,2,2,3,0.464975817325062
"1354",20,90,0,270,1,2,4,2,2,3,0.466251052603417
"1357",13,90,3e+07,270,1,2,4,2,2,3,0.466085025478949
"1358",20,90,3e+07,270,1,2,4,2,2,3,0.465949667314589
"1377",13,90,0,180,1,3,4,2,2,3,0.469769264881275
"1378",20,90,0,180,1,3,4,2,2,3,0.468093269776697
"1381",13,90,3e+07,180,1,3,4,2,2,3,0.467036378282741
"1382",20,90,3e+07,180,1,3,4,2,2,3,0.468021524480803
"1385",13,90,0,270,1,3,4,2,2,3,0.471230912746925
"1386",20,90,0,270,1,3,4,2,2,3,0.467812581777091
"1389",13,90,3e+07,270,1,3,4,2,2,3,0.469322439200973
"1390",20,90,3e+07,270,1,3,4,2,2,3,0.467375665484599
"1409",13,90,0,180,1,4,4,2,2,3,0.468273455585869
"1410",20,90,0,180,1,4,4,2,2,3,0.465531266219892
"1413",13,90,3e+07,180,1,4,4,2,2,3,0.467599023784805
"1414",20,90,3e+07,180,1,4,4,2,2,3,0.464716532814262
"1417",13,90,0,270,1,4,4,2,2,3,0.465792633094925
"1418",20,90,0,270,1,4,4,2,2,3,0.46560367389473
"1421",13,90,3e+07,270,1,4,4,2,2,3,0.466382506644451
"1422",20,90,3e+07,270,1,4,4,2,2,3,0.465809327703171
"1441",13,90,0,180,1,2,2,3,2,3,0.463992253770806
"1442",20,90,0,180,1,2,2,3,2,3,0.462590289128643
"1445",13,90,3e+07,180,1,2,2,3,2,3,0.462942763346211
"1446",20,90,3e+07,180,1,2,2,3,2,3,0.463835812265497
"1449",13,90,0,270,1,2,2,3,2,3,0.464070245091002
"1450",20,90,0,270,1,2,2,3,2,3,0.463683280532736
"1453",13,90,3e+07,270,1,2,2,3,2,3,0.46432499954025
"1454",20,90,3e+07,270,1,2,2,3,2,3,0.463534405152588
"1473",13,90,0,180,1,3,2,3,2,3,0.467864639400177
"1474",20,90,0,180,1,3,2,3,2,3,0.465572109486172
"1477",13,90,3e+07,180,1,3,2,3,2,3,0.467896304870543
"1478",20,90,3e+07,180,1,3,2,3,2,3,0.465435387318948
"1481",13,90,0,270,1,3,2,3,2,3,0.467752369717131
"1482",20,90,0,270,1,3,2,3,2,3,0.467029715504773
"1485",13,90,3e+07,270,1,3,2,3,2,3,0.469630527506798
"1486",20,90,3e+07,270,1,3,2,3,2,3,0.464736448389333
"1505",13,90,0,180,1,4,2,3,2,3,0.464331710819663
"1506",20,90,0,180,1,4,2,3,2,3,0.463304487617199
"1509",13,90,3e+07,180,1,4,2,3,2,3,0.465139215015338
"1510",20,90,3e+07,180,1,4,2,3,2,3,0.463403687145069
"1513",13,90,0,270,1,4,2,3,2,3,0.472366992794663
"1514",20,90,0,270,1,4,2,3,2,3,0.462930695266139
"1517",13,90,3e+07,270,1,4,2,3,2,3,0.46297681954167
"1518",20,90,3e+07,270,1,4,2,3,2,3,0.463299569158506
"1537",13,90,0,180,1,2,3,3,2,3,0.46429479522474
"1538",20,90,0,180,1,2,3,3,2,3,0.464170642830599
"1541",13,90,3e+07,180,1,2,3,3,2,3,0.463574085074491
"1542",20,90,3e+07,180,1,2,3,3,2,3,0.465956975261567
"1545",13,90,0,270,1,2,3,3,2,3,0.464367702466408
"1546",20,90,0,270,1,2,3,3,2,3,0.464049750008735
"1549",13,90,3e+07,270,1,2,3,3,2,3,0.464291926767689
"1550",20,90,3e+07,270,1,2,3,3,2,3,0.46354069466734
"1569",13,90,0,180,1,3,3,3,2,3,0.468402477085169
"1570",20,90,0,180,1,3,3,3,2,3,0.466930582801958
"1573",13,90,3e+07,180,1,3,3,3,2,3,0.466928184438412
"1574",20,90,3e+07,180,1,3,3,3,2,3,0.465999506085079
"1577",13,90,0,270,1,3,3,3,2,3,0.46654804560944
"1578",20,90,0,270,1,3,3,3,2,3,0.467359043394244
"1581",13,90,3e+07,270,1,3,3,3,2,3,0.469711750087509
"1582",20,90,3e+07,270,1,3,3,3,2,3,0.466204291339404
"1601",13,90,0,180,1,4,3,3,2,3,0.464167953329836
"1602",20,90,0,180,1,4,3,3,2,3,0.464111092229291
"1605",13,90,3e+07,180,1,4,3,3,2,3,0.517447320446902
"1606",20,90,3e+07,180,1,4,3,3,2,3,0.464458931379915
"1609",13,90,0,270,1,4,3,3,2,3,0.464825024475821
"1610",20,90,0,270,1,4,3,3,2,3,0.464841845612215
"1613",13,90,3e+07,270,1,4,3,3,2,3,0.466638644042794
"1614",20,90,3e+07,270,1,4,3,3,2,3,0.462683709541917
"1633",13,90,0,180,1,2,4,3,2,3,0.464286316908808
"1634",20,90,0,180,1,2,4,3,2,3,0.463597221260114
"1637",13,90,3e+07,180,1,2,4,3,2,3,0.462466182422072
"1638",20,90,3e+07,180,1,2,4,3,2,3,0.462507479678853
"1641",13,90,0,270,1,2,4,3,2,3,0.463579233899035
"1642",20,90,0,270,1,2,4,3,2,3,0.463586273044731
"1645",13,90,3e+07,270,1,2,4,3,2,3,0.462945837712701
"1646",20,90,3e+07,270,1,2,4,3,2,3,0.462304901800599
"1665",13,90,0,180,1,3,4,3,2,3,0.46665758467224
"1666",20,90,0,180,1,3,4,3,2,3,0.468144381225943
"1669",13,90,3e+07,180,1,3,4,3,2,3,0.468266222037505
"1670",20,90,3e+07,180,1,3,4,3,2,3,0.463696590841145
"1673",13,90,0,270,1,3,4,3,2,3,0.465876486425238
"1674",20,90,0,270,1,3,4,3,2,3,0.466214364821033
"1677",13,90,3e+07,270,1,3,4,3,2,3,0.46983893010093
"1678",20,90,3e+07,270,1,3,4,3,2,3,0.464702956156329
"1697",13,90,0,180,1,4,4,3,2,3,0.465838635331837
"1698",20,90,0,180,1,4,4,3,2,3,0.463718383140786
"1701",13,90,3e+07,180,1,4,4,3,2,3,0.463200907728957
"1702",20,90,3e+07,180,1,4,4,3,2,3,0.466598272192972
"1705",13,90,0,270,1,4,4,3,2,3,0.465800814854204
"1706",20,90,0,270,1,4,4,3,2,3,0.465749428977109
"1709",13,90,3e+07,270,1,4,4,3,2,3,0.467022919477802
"1710",20,90,3e+07,270,1,4,4,3,2,3,0.462778525410078
"1729",13,90,0,180,1,2,2,2,3,3,0.467078710383754
"1730",20,90,0,180,1,2,2,2,3,3,0.465511159642022
"1733",13,90,3e+07,180,1,2,2,2,3,3,0.46547026718865
"1734",20,90,3e+07,180,1,2,2,2,3,3,0.466180995839074
"1737",13,90,0,270,1,2,2,2,3,3,0.465640214027096
"1738",20,90,0,270,1,2,2,2,3,3,0.46650687447486
"1741",13,90,3e+07,270,1,2,2,2,3,3,0.465663576613705
"1742",20,90,3e+07,270,1,2,2,2,3,3,0.466288464365561
"1761",13,90,0,180,1,3,2,2,3,3,0.468927223103503
"1762",20,90,0,180,1,3,2,2,3,3,0.470468888219676
"1765",13,90,3e+07,180,1,3,2,2,3,3,0.469977351411516
"1766",20,90,3e+07,180,1,3,2,2,3,3,0.46792848986676
"1769",13,90,0,270,1,3,2,2,3,3,0.468759949615856
"1770",20,90,0,270,1,3,2,2,3,3,0.469662692477486
"1773",13,90,3e+07,270,1,3,2,2,3,3,0.470628237829697
"1774",20,90,3e+07,270,1,3,2,2,3,3,0.468148521843999
"1793",13,90,0,180,1,4,2,2,3,3,0.466724974992261
"1794",20,90,0,180,1,4,2,2,3,3,0.466668126216072
"1797",13,90,3e+07,180,1,4,2,2,3,3,0.46994197393855
"1798",20,90,3e+07,180,1,4,2,2,3,3,0.4660812710833
"1801",13,90,0,270,1,4,2,2,3,3,0.46760547964016
"1802",20,90,0,270,1,4,2,2,3,3,0.466886876758019
"1805",13,90,3e+07,270,1,4,2,2,3,3,0.468492045202477
"1806",20,90,3e+07,270,1,4,2,2,3,3,0.467646724678611
"1825",13,90,0,180,1,2,3,2,3,3,0.466720700352182
"1826",20,90,0,180,1,2,3,2,3,3,0.466383352387302
"1829",13,90,3e+07,180,1,2,3,2,3,3,0.466415261107998
"1830",20,90,3e+07,180,1,2,3,2,3,3,0.46601133109571
"1833",13,90,0,270,1,2,3,2,3,3,0.467017378493084
"1834",20,90,0,270,1,2,3,2,3,3,0.466781746754868
"1837",13,90,3e+07,270,1,2,3,2,3,3,0.467011034448156
"1838",20,90,3e+07,270,1,2,3,2,3,3,0.466116489889716
"1857",13,90,0,180,1,3,3,2,3,3,0.472211569350441
"1858",20,90,0,180,1,3,3,2,3,3,0.470732797668699
"1861",13,90,3e+07,180,1,3,3,2,3,3,0.47094810687246
"1862",20,90,3e+07,180,1,3,3,2,3,3,0.470405853001392
"1865",13,90,0,270,1,3,3,2,3,3,0.469284113008127
"1866",20,90,0,270,1,3,3,2,3,3,0.469273610077686
"1869",13,90,3e+07,270,1,3,3,2,3,3,0.469625727727468
"1870",20,90,3e+07,270,1,3,3,2,3,3,0.469707105203195
"1889",13,90,0,180,1,4,3,2,3,3,0.467608720553672
"1890",20,90,0,180,1,4,3,2,3,3,0.468134932028571
"1893",13,90,3e+07,180,1,4,3,2,3,3,0.47198361908717
"1894",20,90,3e+07,180,1,4,3,2,3,3,0.465617724282382
"1897",13,90,0,270,1,4,3,2,3,3,0.47065462402421
"1898",20,90,0,270,1,4,3,2,3,3,0.466593225211374
"1901",13,90,3e+07,270,1,4,3,2,3,3,0.468144669338605
"1902",20,90,3e+07,270,1,4,3,2,3,3,0.467181390253632
"1921",13,90,0,180,1,2,4,2,3,3,0.465895075662122
"1922",20,90,0,180,1,2,4,2,3,3,0.465672509494688
"1925",13,90,3e+07,180,1,2,4,2,3,3,0.466196462824843
"1926",20,90,3e+07,180,1,2,4,2,3,3,0.465351858822414
"1929",13,90,0,270,1,2,4,2,3,3,0.465488022946496
"1930",20,90,0,270,1,2,4,2,3,3,0.466306158620429
"1933",13,90,3e+07,270,1,2,4,2,3,3,0.465550976499744
"1934",20,90,3e+07,270,1,2,4,2,3,3,0.46503342403809
"1953",13,90,0,180,1,3,4,2,3,3,0.469670686883856
"1954",20,90,0,180,1,3,4,2,3,3,0.46931818070514
"1957",13,90,3e+07,180,1,3,4,2,3,3,0.468280559817008
"1958",20,90,3e+07,180,1,3,4,2,3,3,0.46610638411449
"1961",13,90,0,270,1,3,4,2,3,3,0.470700861948277
"1962",20,90,0,270,1,3,4,2,3,3,0.467219854218842
"1965",13,90,3e+07,270,1,3,4,2,3,3,0.468285335454004
"1966",20,90,3e+07,270,1,3,4,2,3,3,0.467242942621018
"1985",13,90,0,180,1,4,4,2,3,3,0.471533634956772
"1986",20,90,0,180,1,4,4,2,3,3,0.465315815043069
"1989",13,90,3e+07,180,1,4,4,2,3,3,0.467977048130236
"1990",20,90,3e+07,180,1,4,4,2,3,3,0.465680823059107
"1993",13,90,0,270,1,4,4,2,3,3,0.46653623496905
"1994",20,90,0,270,1,4,4,2,3,3,0.464902973767556
"1997",13,90,3e+07,270,1,4,4,2,3,3,0.468276669317063
"1998",20,90,3e+07,270,1,4,4,2,3,3,0.46530846502183
"2017",13,90,0,180,1,2,2,3,3,3,0.463647855930155
"2018",20,90,0,180,1,2,2,3,3,3,0.463630160142541
"2021",13,90,3e+07,180,1,2,2,3,3,3,0.463448621196975
"2022",20,90,3e+07,180,1,2,2,3,3,3,0.463017494835565
"2025",13,90,0,270,1,2,2,3,3,3,0.463113242422603
"2026",20,90,0,270,1,2,2,3,3,3,0.462605538533471
"2029",13,90,3e+07,270,1,2,2,3,3,3,0.462615534557648
"2030",20,90,3e+07,270,1,2,2,3,3,3,0.462879175061659
"2049",13,90,0,180,1,3,2,3,3,3,0.466420205306843
"2050",20,90,0,180,1,3,2,3,3,3,0.466189167360683
"2053",13,90,3e+07,180,1,3,2,3,3,3,0.468249393237937
"2054",20,90,3e+07,180,1,3,2,3,3,3,0.465294473196664
"2057",13,90,0,270,1,3,2,3,3,3,0.467557523001981
"2058",20,90,0,270,1,3,2,3,3,3,0.46499850529874
"2061",13,90,3e+07,270,1,3,2,3,3,3,0.466593456354427
"2062",20,90,3e+07,270,1,3,2,3,3,3,0.468849255807465
"2081",13,90,0,180,1,4,2,3,3,3,0.46842463348552
"2082",20,90,0,180,1,4,2,3,3,3,0.463249831624162
"2085",13,90,3e+07,180,1,4,2,3,3,3,0.532575799613346
"2086",20,90,3e+07,180,1,4,2,3,3,3,0.466127758053906
"2089",13,90,0,270,1,4,2,3,3,3,0.468334831265407
"2090",20,90,0,270,1,4,2,3,3,3,0.46236194210157
"2093",13,90,3e+07,270,1,4,2,3,3,3,0.46375603397844
"2094",20,90,3e+07,270,1,4,2,3,3,3,0.46770716604522
"2113",13,90,0,180,1,2,3,3,3,3,0.464700539284875
"2114",20,90,0,180,1,2,3,3,3,3,0.464438071120085
"2117",13,90,3e+07,180,1,2,3,3,3,3,0.463942772403546
"2118",20,90,3e+07,180,1,2,3,3,3,3,0.463078981345584
"2121",13,90,0,270,1,2,3,3,3,3,0.463699854184633
"2122",20,90,0,270,1,2,3,3,3,3,0.463738568914716
"2125",13,90,3e+07,270,1,2,3,3,3,3,0.463220694045893
"2126",20,90,3e+07,270,1,2,3,3,3,3,0.463415265366043
"2145",13,90,0,180,1,3,3,3,3,3,0.468347327640884
"2146",20,90,0,180,1,3,3,3,3,3,0.464163066323857
"2149",13,90,3e+07,180,1,3,3,3,3,3,0.466457819876722
"2150",20,90,3e+07,180,1,3,3,3,3,3,0.466295118345944
"2153",13,90,0,270,1,3,3,3,3,3,0.469026427954307
"2154",20,90,0,270,1,3,3,3,3,3,0.467234000802202
"2157",13,90,3e+07,270,1,3,3,3,3,3,0.465438970918505
"2158",20,90,3e+07,270,1,3,3,3,3,3,0.467079735732127
"2177",13,90,0,180,1,4,3,3,3,3,0.464352544258393
"2178",20,90,0,180,1,4,3,3,3,3,0.513697700433325
"2181",13,90,3e+07,180,1,4,3,3,3,3,0.529034280822085
"2182",20,90,3e+07,180,1,4,3,3,3,3,0.462954640284277
"2185",13,90,0,270,1,4,3,3,3,3,0.465960047544483
"2186",20,90,0,270,1,4,3,3,3,3,0.464020570372395
"2189",13,90,3e+07,270,1,4,3,3,3,3,0.463295201778378
"2190",20,90,3e+07,270,1,4,3,3,3,3,0.463577146583221
"2209",13,90,0,180,1,2,4,3,3,3,0.463340327473183
"2210",20,90,0,180,1,2,4,3,3,3,0.462753601288593
"2213",13,90,3e+07,180,1,2,4,3,3,3,0.4632015811684
"2214",20,90,3e+07,180,1,2,4,3,3,3,0.462318750769456
"2217",13,90,0,270,1,2,4,3,3,3,0.463719564762925
"2218",20,90,0,270,1,2,4,3,3,3,0.463376885795404
"2221",13,90,3e+07,270,1,2,4,3,3,3,0.462947358316448
"2222",20,90,3e+07,270,1,2,4,3,3,3,0.462013568345737
"2241",13,90,0,180,1,3,4,3,3,3,0.466412887004511
"2242",20,90,0,180,1,3,4,3,3,3,0.464566248001161
"2245",13,90,3e+07,180,1,3,4,3,3,3,0.466153113581975
"2246",20,90,3e+07,180,1,3,4,3,3,3,0.464667575582325
"2249",13,90,0,270,1,3,4,3,3,3,0.466901264473752
"2250",20,90,0,270,1,3,4,3,3,3,0.465464926565832
"2253",13,90,3e+07,270,1,3,4,3,3,3,0.467803484791016
"2254",20,90,3e+07,270,1,3,4,3,3,3,0.464404565374907
"2273",13,90,0,180,1,4,4,3,3,3,0.46997895412124
"2274",20,90,0,180,1,4,4,3,3,3,0.462856599652756
"2277",13,90,3e+07,180,1,4,4,3,3,3,0.46385353440631
"2278",20,90,3e+07,180,1,4,4,3,3,3,0.463340967086586
"2281",13,90,0,270,1,4,4,3,3,3,0.463948427416502
"2282",20,90,0,270,1,4,4,3,3,3,0.462750093406194
"2285",13,90,3e+07,270,1,4,4,3,3,3,0.466396974952522
"2286",20,90,3e+07,270,1,4,4,3,3,3,0.461021573590757
"2305",13,90,0,180,1,2,2,2,2,4,0.467745780748394
"2306",20,90,0,180,1,2,2,2,2,4,0.467528804274949
"2309",13,90,3e+07,180,1,2,2,2,2,4,0.467168872483435
"2310",20,90,3e+07,180,1,2,2,2,2,4,0.466881242737666
"2313",13,90,0,270,1,2,2,2,2,4,0.468420614364347
"2314",20,90,0,270,1,2,2,2,2,4,0.467434769954218
"2317",13,90,3e+07,270,1,2,2,2,2,4,0.467764221219014
"2318",20,90,3e+07,270,1,2,2,2,2,4,0.466824830316675
"2337",13,90,0,180,1,3,2,2,2,4,0.469372074670091
"2338",20,90,0,180,1,3,2,2,2,4,0.468825722667007
"2341",13,90,3e+07,180,1,3,2,2,2,4,0.470062001898651
"2342",20,90,3e+07,180,1,3,2,2,2,4,0.468615880219403
"2345",13,90,0,270,1,3,2,2,2,4,0.472372503418809
"2346",20,90,0,270,1,3,2,2,2,4,0.470660067538134
"2349",13,90,3e+07,270,1,3,2,2,2,4,0.470317501720268
"2350",20,90,3e+07,270,1,3,2,2,2,4,0.47086864462187
"2369",13,90,0,180,1,4,2,2,2,4,0.472944825421241
"2370",20,90,0,180,1,4,2,2,2,4,0.469196027997017
"2373",13,90,3e+07,180,1,4,2,2,2,4,0.467019760658653
"2374",20,90,3e+07,180,1,4,2,2,2,4,0.467590915420949
"2377",13,90,0,270,1,4,2,2,2,4,0.466790241829725
"2378",20,90,0,270,1,4,2,2,2,4,0.467253833242936
"2381",13,90,3e+07,270,1,4,2,2,2,4,0.467334197619455
"2382",20,90,3e+07,270,1,4,2,2,2,4,0.466900810153343
"2401",13,90,0,180,1,2,3,2,2,4,0.467909268307878
"2402",20,90,0,180,1,2,3,2,2,4,0.467806013096575
"2405",13,90,3e+07,180,1,2,3,2,2,4,0.467252732442915
"2406",20,90,3e+07,180,1,2,3,2,2,4,0.468299224336613
"2409",13,90,0,270,1,2,3,2,2,4,0.46863768915345
"2410",20,90,0,270,1,2,3,2,2,4,0.468013190213703
"2413",13,90,3e+07,270,1,2,3,2,2,4,0.467997477080182
"2414",20,90,3e+07,270,1,2,3,2,2,4,0.467342416879656
"2433",13,90,0,180,1,3,3,2,2,4,0.471307080564058
"2434",20,90,0,180,1,3,3,2,2,4,0.472947527012084
"2437",13,90,3e+07,180,1,3,3,2,2,4,0.470491287068622
"2438",20,90,3e+07,180,1,3,3,2,2,4,0.468505130019247
"2441",13,90,0,270,1,3,3,2,2,4,0.472116921639301
"2442",20,90,0,270,1,3,3,2,2,4,0.469552411460861
"2445",13,90,3e+07,270,1,3,3,2,2,4,0.472129485023335
"2446",20,90,3e+07,270,1,3,3,2,2,4,0.469801222349853
"2465",13,90,0,180,1,4,3,2,2,4,0.468187060393861
"2466",20,90,0,180,1,4,3,2,2,4,0.468070957339921
"2469",13,90,3e+07,180,1,4,3,2,2,4,0.520919888935609
"2470",20,90,3e+07,180,1,4,3,2,2,4,0.467743831621092
"2473",13,90,0,270,1,4,3,2,2,4,0.470528515272396
"2474",20,90,0,270,1,4,3,2,2,4,0.468096711747524
"2477",13,90,3e+07,270,1,4,3,2,2,4,0.467454688748655
"2478",20,90,3e+07,270,1,4,3,2,2,4,0.469391084355069
"2497",13,90,0,180,1,2,4,2,2,4,0.466823223430697
"2498",20,90,0,180,1,2,4,2,2,4,0.46715288836282
"2501",13,90,3e+07,180,1,2,4,2,2,4,0.467387371897001
"2502",20,90,3e+07,180,1,2,4,2,2,4,0.467333479007445
"2505",13,90,0,270,1,2,4,2,2,4,0.466911658488236
"2506",20,90,0,270,1,2,4,2,2,4,0.466251063139899
"2509",13,90,3e+07,270,1,2,4,2,2,4,0.466696587337832
"2510",20,90,3e+07,270,1,2,4,2,2,4,0.466770827470826
"2529",13,90,0,180,1,3,4,2,2,4,0.470779241492821
"2530",20,90,0,180,1,3,4,2,2,4,0.469911425215824
"2533",13,90,3e+07,180,1,3,4,2,2,4,0.469492437673287
"2534",20,90,3e+07,180,1,3,4,2,2,4,0.469339201967143
"2537",13,90,0,270,1,3,4,2,2,4,0.470413119580427
"2538",20,90,0,270,1,3,4,2,2,4,0.470232641966767
"2541",13,90,3e+07,270,1,3,4,2,2,4,0.470501871857433
"2542",20,90,3e+07,270,1,3,4,2,2,4,0.469364624608326
"2561",13,90,0,180,1,4,4,2,2,4,0.470536357989815
"2562",20,90,0,180,1,4,4,2,2,4,0.468815539945135
"2565",13,90,3e+07,180,1,4,4,2,2,4,0.468775929350772
"2566",20,90,3e+07,180,1,4,4,2,2,4,0.468278084770543
"2569",13,90,0,270,1,4,4,2,2,4,0.468238590736324
"2570",20,90,0,270,1,4,4,2,2,4,0.467297949103773
"2573",13,90,3e+07,270,1,4,4,2,2,4,0.469589558921548
"2574",20,90,3e+07,270,1,4,4,2,2,4,0.467511957490228
"2593",13,90,0,180,1,2,2,3,2,4,0.464936131456591
"2594",20,90,0,180,1,2,2,3,2,4,0.464850052144501
"2597",13,90,3e+07,180,1,2,2,3,2,4,0.464372488579769
"2598",20,90,3e+07,180,1,2,2,3,2,4,0.463894777616344
"2601",13,90,0,270,1,2,2,3,2,4,0.46567082440652
"2602",20,90,0,270,1,2,2,3,2,4,0.463884203176865
"2605",13,90,3e+07,270,1,2,2,3,2,4,0.46444363301133
"2606",20,90,3e+07,270,1,2,2,3,2,4,0.464544389645273
"2625",13,90,0,180,1,3,2,3,2,4,0.466404913986457
"2626",20,90,0,180,1,3,2,3,2,4,0.467287167686402
"2629",13,90,3e+07,180,1,3,2,3,2,4,0.469397650233132
"2630",20,90,3e+07,180,1,3,2,3,2,4,0.468455964314129
"2633",13,90,0,270,1,3,2,3,2,4,0.468316004871561
"2634",20,90,0,270,1,3,2,3,2,4,0.465644403582538
"2637",13,90,3e+07,270,1,3,2,3,2,4,0.467778907607929
"2638",20,90,3e+07,270,1,3,2,3,2,4,0.467568609969312
"2657",13,90,0,180,1,4,2,3,2,4,0.468723237665973
"2658",20,90,0,180,1,4,2,3,2,4,0.465729836579598
"2661",13,90,3e+07,180,1,4,2,3,2,4,0.465277757911819
"2662",20,90,3e+07,180,1,4,2,3,2,4,0.46714423266789
"2665",13,90,0,270,1,4,2,3,2,4,0.525091456090638
"2666",20,90,0,270,1,4,2,3,2,4,0.465841553620439
"2669",13,90,3e+07,270,1,4,2,3,2,4,0.465585029426468
"2670",20,90,3e+07,270,1,4,2,3,2,4,0.464577813912896
"2689",13,90,0,180,1,2,3,3,2,4,0.465254015316984
"2690",20,90,0,180,1,2,3,3,2,4,0.465593769317633
"2693",13,90,3e+07,180,1,2,3,3,2,4,0.465500102636642
"2694",20,90,3e+07,180,1,2,3,3,2,4,0.46468874148663
"2697",13,90,0,270,1,2,3,3,2,4,0.465226447717019
"2698",20,90,0,270,1,2,3,3,2,4,0.465039658286522
"2701",13,90,3e+07,270,1,2,3,3,2,4,0.464991910721222
"2702",20,90,3e+07,270,1,2,3,3,2,4,0.464848406031878
"2721",13,90,0,180,1,3,3,3,2,4,0.470126127171924
"2722",20,90,0,180,1,3,3,3,2,4,0.468052835856301
"2725",13,90,3e+07,180,1,3,3,3,2,4,0.46985478590364
"2726",20,90,3e+07,180,1,3,3,3,2,4,0.466841155642921
"2729",13,90,0,270,1,3,3,3,2,4,0.47042110433804
"2730",20,90,0,270,1,3,3,3,2,4,0.467529631494671
"2733",13,90,3e+07,270,1,3,3,3,2,4,0.471391349769834
"2734",20,90,3e+07,270,1,3,3,3,2,4,0.470430606847416
"2753",13,90,0,180,1,4,3,3,2,4,0.465864606473827
"2754",20,90,0,180,1,4,3,3,2,4,0.464575990958693
"2757",13,90,3e+07,180,1,4,3,3,2,4,0.465145236976245
"2758",20,90,3e+07,180,1,4,3,3,2,4,0.464892115709061
"2761",13,90,0,270,1,4,3,3,2,4,0.465921205652641
"2762",20,90,0,270,1,4,3,3,2,4,0.466102961168107
"2765",13,90,3e+07,270,1,4,3,3,2,4,0.469495605443563
"2766",20,90,3e+07,270,1,4,3,3,2,4,0.464463106890573
"2785",13,90,0,180,1,2,4,3,2,4,0.464896872632018
"2786",20,90,0,180,1,2,4,3,2,4,0.464598716188486
"2789",13,90,3e+07,180,1,2,4,3,2,4,0.464605735988032
"2790",20,90,3e+07,180,1,2,4,3,2,4,0.4637497559785
"2793",13,90,0,270,1,2,4,3,2,4,0.464413510356455
"2794",20,90,0,270,1,2,4,3,2,4,0.463967312139599
"2797",13,90,3e+07,270,1,2,4,3,2,4,0.463862658814972
"2798",20,90,3e+07,270,1,2,4,3,2,4,0.464083081396118
"2817",13,90,0,180,1,3,4,3,2,4,0.467857418403355
"2818",20,90,0,180,1,3,4,3,2,4,0.467292900473647
"2821",13,90,3e+07,180,1,3,4,3,2,4,0.467362482318239
"2822",20,90,3e+07,180,1,3,4,3,2,4,0.466148500464329
"2825",13,90,0,270,1,3,4,3,2,4,0.467560030829184
"2826",20,90,0,270,1,3,4,3,2,4,0.466807334819534
"2829",13,90,3e+07,270,1,3,4,3,2,4,0.468427332115989
"2830",20,90,3e+07,270,1,3,4,3,2,4,0.467266313910784
"2849",13,90,0,180,1,4,4,3,2,4,0.470644936041168
"2850",20,90,0,180,1,4,4,3,2,4,0.466308699745691
"2853",13,90,3e+07,180,1,4,4,3,2,4,0.466943125787837
"2854",20,90,3e+07,180,1,4,4,3,2,4,0.555499831411381
"2857",13,90,0,270,1,4,4,3,2,4,0.475399896964206
"2858",20,90,0,270,1,4,4,3,2,4,0.466764514186777
"2861",13,90,3e+07,270,1,4,4,3,2,4,0.464014806750989
"2862",20,90,3e+07,270,1,4,4,3,2,4,0.464350531599448
"2881",13,90,0,180,1,2,2,2,3,4,0.466675491205576
"2882",20,90,0,180,1,2,2,2,3,4,0.466127124220684
"2885",13,90,3e+07,180,1,2,2,2,3,4,0.466403777917763
"2886",20,90,3e+07,180,1,2,2,2,3,4,0.466540446413338
"2889",13,90,0,270,1,2,2,2,3,4,0.467235471437915
"2890",20,90,0,270,1,2,2,2,3,4,0.46634982875067
"2893",13,90,3e+07,270,1,2,2,2,3,4,0.466523215449008
"2894",20,90,3e+07,270,1,2,2,2,3,4,0.46697933571972
"2913",13,90,0,180,1,3,2,2,3,4,0.472515964321842
"2914",20,90,0,180,1,3,2,2,3,4,0.470140998066187
"2917",13,90,3e+07,180,1,3,2,2,3,4,0.471626834352713
"2918",20,90,3e+07,180,1,3,2,2,3,4,0.467943720114968
"2921",13,90,0,270,1,3,2,2,3,4,0.469465902482548
"2922",20,90,0,270,1,3,2,2,3,4,0.468775525670784
"2925",13,90,3e+07,270,1,3,2,2,3,4,0.470540243959533
"2926",20,90,3e+07,270,1,3,2,2,3,4,0.469445728295288
"2945",13,90,0,180,1,4,2,2,3,4,0.468405149528999
"2946",20,90,0,180,1,4,2,2,3,4,0.467410239798943
"2949",13,90,3e+07,180,1,4,2,2,3,4,0.473260496362895
"2950",20,90,3e+07,180,1,4,2,2,3,4,0.469195488551586
"2953",13,90,0,270,1,4,2,2,3,4,0.467363815449436
"2954",20,90,0,270,1,4,2,2,3,4,0.465985513214401
"2957",13,90,3e+07,270,1,4,2,2,3,4,0.467112061818972
"2958",20,90,3e+07,270,1,4,2,2,3,4,0.467063842414446
"2977",13,90,0,180,1,2,3,2,3,4,0.468487789983952
"2978",20,90,0,180,1,2,3,2,3,4,0.467478117132375
"2981",13,90,3e+07,180,1,2,3,2,3,4,0.468428969828621
"2982",20,90,3e+07,180,1,2,3,2,3,4,0.467426736973055
"2985",13,90,0,270,1,2,3,2,3,4,0.46913972570668
"2986",20,90,0,270,1,2,3,2,3,4,0.467780763308127
"2989",13,90,3e+07,270,1,2,3,2,3,4,0.468631774820842
"2990",20,90,3e+07,270,1,2,3,2,3,4,0.46858752784991
"3009",13,90,0,180,1,3,3,2,3,4,0.471270172102041
"3010",20,90,0,180,1,3,3,2,3,4,0.469614067515024
"3013",13,90,3e+07,180,1,3,3,2,3,4,0.470621084442369
"3014",20,90,3e+07,180,1,3,3,2,3,4,0.468503841328464
"3017",13,90,0,270,1,3,3,2,3,4,0.473270590996576
"3018",20,90,0,270,1,3,3,2,3,4,0.469598662326617
"3021",13,90,3e+07,270,1,3,3,2,3,4,0.473925692983473
"3022",20,90,3e+07,270,1,3,3,2,3,4,0.471405561759309
"3041",13,90,0,180,1,4,3,2,3,4,0.468950956485977
"3042",20,90,0,180,1,4,3,2,3,4,0.467962335660455
"3045",13,90,3e+07,180,1,4,3,2,3,4,0.468656921996195
"3046",20,90,3e+07,180,1,4,3,2,3,4,0.467869518198833
"3049",13,90,0,270,1,4,3,2,3,4,0.468663988416206
"3050",20,90,0,270,1,4,3,2,3,4,0.467689912997886
"3053",13,90,3e+07,270,1,4,3,2,3,4,0.46986859036713
"3054",20,90,3e+07,270,1,4,3,2,3,4,0.468124216667298
"3073",13,90,0,180,1,2,4,2,3,4,0.466991465906025
"3074",20,90,0,180,1,2,4,2,3,4,0.467034247866231
"3077",13,90,3e+07,180,1,2,4,2,3,4,0.466428929922343
"3078",20,90,3e+07,180,1,2,4,2,3,4,0.467106577544961
"3081",13,90,0,270,1,2,4,2,3,4,0.467050539143014
"3082",20,90,0,270,1,2,4,2,3,4,0.46642899753427
"3085",13,90,3e+07,270,1,2,4,2,3,4,0.467274637020193
"3086",20,90,3e+07,270,1,2,4,2,3,4,0.467151450278373
"3105",13,90,0,180,1,3,4,2,3,4,0.468626031458201
"3106",20,90,0,180,1,3,4,2,3,4,0.468889770567985
"3109",13,90,3e+07,180,1,3,4,2,3,4,0.471400823218771
"3110",20,90,3e+07,180,1,3,4,2,3,4,0.469461024431936
"3113",13,90,0,270,1,3,4,2,3,4,0.469539366636494
"3114",20,90,0,270,1,3,4,2,3,4,0.469814737591354
"3117",13,90,3e+07,270,1,3,4,2,3,4,0.469734902903845
"3118",20,90,3e+07,270,1,3,4,2,3,4,0.470510696779338
"3137",13,90,0,180,1,4,4,2,3,4,0.469073096844432
"3138",20,90,0,180,1,4,4,2,3,4,0.466447136477996
"3141",13,90,3e+07,180,1,4,4,2,3,4,0.468381205273145
"3142",20,90,3e+07,180,1,4,4,2,3,4,0.468503327638101
"3145",13,90,0,270,1,4,4,2,3,4,0.468648881122339
"3146",20,90,0,270,1,4,4,2,3,4,0.46697694228275
"3149",13,90,3e+07,270,1,4,4,2,3,4,0.479021528306539
"3150",20,90,3e+07,270,1,4,4,2,3,4,0.467155814361638
"3169",13,90,0,180,1,2,2,3,3,4,0.464962586527583
"3170",20,90,0,180,1,2,2,3,3,4,0.46459685516088
"3173",13,90,3e+07,180,1,2,2,3,3,4,0.464583938231268
"3174",20,90,3e+07,180,1,2,2,3,3,4,0.463570678916542
"3177",13,90,0,270,1,2,2,3,3,4,0.464544214122848
"3178",20,90,0,270,1,2,2,3,3,4,0.463592768302872
"3181",13,90,3e+07,270,1,2,2,3,3,4,0.465057968016743
"3182",20,90,3e+07,270,1,2,2,3,3,4,0.463939080579599
"3201",13,90,0,180,1,3,2,3,3,4,0.469942020802314
"3202",20,90,0,180,1,3,2,3,3,4,0.466380434416148
"3205",13,90,3e+07,180,1,3,2,3,3,4,0.468146449294319
"3206",20,90,3e+07,180,1,3,2,3,3,4,0.46651827143816
"3209",13,90,0,270,1,3,2,3,3,4,0.469528881004338
"3210",20,90,0,270,1,3,2,3,3,4,0.469077553682423
"3213",13,90,3e+07,270,1,3,2,3,3,4,0.468381171678619
"3214",20,90,3e+07,270,1,3,2,3,3,4,0.467101852906576
"3233",13,90,0,180,1,4,2,3,3,4,0.465879122258462
"3234",20,90,0,180,1,4,2,3,3,4,0.465551977465173
"3237",13,90,3e+07,180,1,4,2,3,3,4,0.464216303067619
"3238",20,90,3e+07,180,1,4,2,3,3,4,0.463742669359395
"3241",13,90,0,270,1,4,2,3,3,4,0.46564655756499
"3242",20,90,0,270,1,4,2,3,3,4,0.46413077676435
"3245",13,90,3e+07,270,1,4,2,3,3,4,0.467052967211044
"3246",20,90,3e+07,270,1,4,2,3,3,4,0.463334862513546
"3265",13,90,0,180,1,2,3,3,3,4,0.465101239508142
"3266",20,90,0,180,1,2,3,3,3,4,0.465349375455699
"3269",13,90,3e+07,180,1,2,3,3,3,4,0.464835630440936
"3270",20,90,3e+07,180,1,2,3,3,3,4,0.464829275633544
"3273",13,90,0,270,1,2,3,3,3,4,0.46527419400923
"3274",20,90,0,270,1,2,3,3,3,4,0.465569604431576
"3277",13,90,3e+07,270,1,2,3,3,3,4,0.464997116393059
"3278",20,90,3e+07,270,1,2,3,3,3,4,0.464285413046238
"3297",13,90,0,180,1,3,3,3,3,4,0.469787433968183
"3298",20,90,0,180,1,3,3,3,3,4,0.468235161303644
"3301",13,90,3e+07,180,1,3,3,3,3,4,0.467997058998385
"3302",20,90,3e+07,180,1,3,3,3,3,4,0.467177115251658
"3305",13,90,0,270,1,3,3,3,3,4,0.470265160792501
"3306",20,90,0,270,1,3,3,3,3,4,0.466758261725369
"3309",13,90,3e+07,270,1,3,3,3,3,4,0.468787020854915
"3310",20,90,3e+07,270,1,3,3,3,3,4,0.46751144472801
"3329",13,90,0,180,1,4,3,3,3,4,0.465035193026424
"3330",20,90,0,180,1,4,3,3,3,4,0.465226241879569
"3333",13,90,3e+07,180,1,4,3,3,3,4,0.470484467986004
"3334",20,90,3e+07,180,1,4,3,3,3,4,0.466710037183207
"3337",13,90,0,270,1,4,3,3,3,4,0.469065363354879
"3338",20,90,0,270,1,4,3,3,3,4,0.465735037984959
"3341",13,90,3e+07,270,1,4,3,3,3,4,0.468246801008184
"3342",20,90,3e+07,270,1,4,3,3,3,4,0.464215533357014
"3361",13,90,0,180,1,2,4,3,3,4,0.464772243598998
"3362",20,90,0,180,1,2,4,3,3,4,0.464549760531504
"3365",13,90,3e+07,180,1,2,4,3,3,4,0.464580802579178
"3366",20,90,3e+07,180,1,2,4,3,3,4,0.464578566988642
"3369",13,90,0,270,1,2,4,3,3,4,0.464069451246747
"3370",20,90,0,270,1,2,4,3,3,4,0.46384770868544
"3373",13,90,3e+07,270,1,2,4,3,3,4,0.464092567281597
"3374",20,90,3e+07,270,1,2,4,3,3,4,0.46302577984924
"3393",13,90,0,180,1,3,4,3,3,4,0.468540236764558
"3394",20,90,0,180,1,3,4,3,3,4,0.466538496554454
"3397",13,90,3e+07,180,1,3,4,3,3,4,0.468105831936151
"3398",20,90,3e+07,180,1,3,4,3,3,4,0.465465322745304
"3401",13,90,0,270,1,3,4,3,3,4,0.470933512422765
"3402",20,90,0,270,1,3,4,3,3,4,0.465133867941795
"3405",13,90,3e+07,270,1,3,4,3,3,4,0.467526146033314
"3406",20,90,3e+07,270,1,3,4,3,3,4,0.465738268486242
"3425",13,90,0,180,1,4,4,3,3,4,0.467072432234185
"3426",20,90,0,180,1,4,4,3,3,4,0.465753170690633
"3429",13,90,3e+07,180,1,4,4,3,3,4,0.46802195021478
"3430",20,90,3e+07,180,1,4,4,3,3,4,0.4657243947417
"3433",13,90,0,270,1,4,4,3,3,4,0.470081747316202
"3434",20,90,0,270,1,4,4,3,3,4,0.464331293578872
"3437",13,90,3e+07,270,1,4,4,3,3,4,0.46739352490579
"3438",20,90,3e+07,270,1,4,4,3,3,4,0.462838877872768
